Speech File,Min Pitch,Max Pitch,Mean Pitch,Sd Pitch,Min Intensity,Max Intensity,Mean Intensity,Sd Intensity,Speaking Rate,Jitter,Shimmer,HNR
Happy,76.91324697102980,314.4896469693490,206.92179482494600,46.88664399515680,38.78592837336680,77.97668435626310,69.80937363467110,8.678469657541940,1.1363474950639900,0.018122409817859500,0.05883824628511770,14.624534361507700
Angry,92.92579811558710,510.233987626644,241.996241582224,58.2246015161569,27.175642759503500,80.31871742608980,70.94565232487650,12.865037658949100,1.2426026312110700,0.02817666546723450,0.09925962305114000,7.780325132358350
Sad,87.12796532009820,268.53184294807800,212.86830601843700,28.70786474676060,26.63557994860140,81.96708691596020,73.10805939728460,15.459161938114500,0.6782822502013650,0.013842858017042100,0.059852153702199500,15.560026145442500
Afraid,73.81670152852270,439.5928331246480,150.17616171379600,69.13365205972620,1.8100719719907500,85.70981719983680,73.38339021036810,16.083953819503700,0.4715535331148470,0.026656571561150100,0.16020803793690800,8.174009729315890
Surprised,83.8043866199783,434.8194843618440,240.95278926975200,71.76493084715500,40.40838928379040,82.24359808914750,74.68245250434980,13.292849717427300,1.1119605254013500,0.03275321463417420,0.08245537389941960,12.494142506942900
Disgusted,84.3552815711679,253.99773132096700,162.44683079516400,32.81240874549200,34.345525854847300,79.19660843452100,72.4498813070545,7.969231592246540,0.8570173653143650,0.019056195364863000,0.07509579289534000,10.874986687650700
Neutral,82.9766084709992,191.52944617738500,130.5582899704130,26.56733672679760,33.687482473400400,79.97129430366260,73.41461423023360,10.585497390672800,1.4577259475218700,0.02530199254891770,0.07011802636414080,11.172631571379000